age,two_year_recid,priors_count,length_of_stay,c_charge_degree_M,race_Other,sex_Male,intercept
7.331003238548063,-0.6597686116951169,-7.153832421791811,-3.866202407177592,0.3768405732831099,0.6256993400160842,-0.12455059312012852,1.2008723804503798
