age,fnlwgt,education-num,capital-gain,capital-loss,hours-per-week,marital-status_Non-Married,native-country_US,occupation_Other,race_White,relationship_Non-Husband,sex_Male,workclass_Private,intercept
2.0289432414504605,1.0844138662687963,5.032775039809965,30.364253969573976,2.815018708061907,3.3118989288613485,-2.9170202867047674,0.2529549622419795,-0.43467762365420637,0.23189753279299044,0.7218414152450745,0.544481544088104,0.09492389636750988,-6.790545349250584
