RevolvingUtilizationOfUnsecuredLines,age,NumberOfTime30-59DaysPastDueNotWorse,DebtRatio,MonthlyIncome,NumberOfOpenCreditLinesAndLoans,NumberOfTimes90DaysLate,NumberRealEstateLoansOrLines,NumberOfTime60-89DaysPastDueNotWorse,NumberOfDependents,intercept
-0.19909445994540056,1.6482692995970163,-5.688320417039211,1.477700828293282,2.9518552553327932,-0.12370582323416478,-8.534693609140708,-0.16373755601035564,-5.7232501883092395,-0.3478534424593328,2.358571565222042
